{
  "RMSSD": {
    "n": 266,
    "icc_2_1": 0.9991542727568198,
    "bland_altman": {
      "bias": -0.08809729960612311,
      "sd_diff": 0.5958944600565614,
      "loa_lower": -1.2560504413169835,
      "loa_upper": 1.0798558421047373,
      "n": 266,
      "mean_avg": 47.84548144953197
    }
  },
  "SDNN": {
    "n": 266,
    "icc_2_1": 0.9998122899761192,
    "bland_altman": {
      "bias": 0.03841327345183716,
      "sd_diff": 0.5703919243836809,
      "loa_lower": -1.0795548983401773,
      "loa_upper": 1.1563814452438517,
      "n": 266,
      "mean_avg": 76.73339377758863
    }
  },
  "pNN50": {
    "n": 266,
    "icc_2_1": 0.9978240866514995,
    "bland_altman": {
      "bias": -0.6136598259597192,
      "sd_diff": 0.5712422616172854,
      "loa_lower": -1.7332946587295985,
      "loa_upper": 0.50597500681016,
      "n": 266,
      "mean_avg": 21.55991800135445
    }
  },
  "LF": {
    "n": 0,
    "icc": null,
    "bland_altman": null
  },
  "HF": {
    "n": 0,
    "icc": null,
    "bland_altman": null
  },
  "LF_HF": {
    "n": 0,
    "icc": null,
    "bland_altman": null
  },
  "SD1": {
    "n": 266,
    "icc_2_1": 0.9991614912673906,
    "bland_altman": {
      "bias": -0.06263361384914956,
      "sd_diff": 0.42030498769366825,
      "loa_lower": -0.8864313897287394,
      "loa_upper": 0.7611641620304402,
      "n": 266,
      "mean_avg": 33.879386960560936
    }
  },
  "SD2": {
    "n": 266,
    "icc_2_1": 0.9999132193666856,
    "bland_altman": {
      "bias": 0.05706420251418408,
      "sd_diff": 0.5433429009225212,
      "loa_lower": -1.0078878832939575,
      "loa_upper": 1.1220162883223257,
      "n": 266,
      "mean_avg": 102.61806394590458
    }
  },
  "SampEn": {
    "n": 0,
    "icc": null,
    "bland_altman": null
  }
}